{"cameraMode":{"drawMode":0,"name":"Shaded","section":"Shading Mode"},"sceneLighting":false,"audioPlay":false,"sceneViewState":{"m_AlwaysRefresh":false,"showFog":true,"showSkybox":true,"showFlares":true,"showImageEffects":true,"showParticleSystems":true,"showVisualEffectGraphs":true,"m_FxEnabled":false},"in2DMode":false,"pivot":{"x":3.089921474456787,"y":0.8122249841690064,"z":0.5731709003448486},"rotation":{"x":0.07061423361301422,"y":0.9063075184822083,"z":-0.16772514581680299,"w":0.38146841526031496},"size":1.5720680952072144,"orthographic":false}