{"cameraMode":{"drawMode":0,"name":"Shaded","section":"Shading Mode"},"sceneLighting":false,"audioPlay":false,"sceneViewState":{"m_AlwaysRefresh":false,"showFog":false,"showSkybox":false,"showFlares":false,"showImageEffects":false,"showParticleSystems":false,"showVisualEffectGraphs":true,"m_FxEnabled":true},"in2DMode":false,"pivot":{"x":-0.09954510629177094,"y":0.43235746026039126,"z":-0.020227372646331788},"rotation":{"x":-0.02011333405971527,"y":0.8426048159599304,"z":0.031640250235795978,"w":0.5372377634048462},"size":0.5484151244163513,"orthographic":true}